<?xml version="1.0" encoding="UTF-8"?>
<metadata xml:lang="en"><Esri><CreaDate>20220215</CreaDate><CreaTime>11034900</CreaTime><SyncOnce>FALSE</SyncOnce><SyncDate>20211118</SyncDate><SyncTime>15040500</SyncTime><ModDate>20211118</ModDate><ModTime>15040500</ModTime><DataProperties><lineage><Process Name="Project_2" ToolSource="C:\Archivos de programa\ArcGIS\ArcToolbox\Toolboxes\Data Management Tools.tbx\Project" Date="20100913" Time="103855">Project Distrito "L:\rfloresr\DATOS ESPACIALES 2010\UTIL\Distrito_UTM.shp" PROJCS['WGS_1984_UTM_Zone_18S',GEOGCS['GCS_WGS_1984',DATUM['D_WGS_1984',SPHEROID['WGS_1984',6378137.0,298.257223563]],PRIMEM['Greenwich',0.0],UNIT['Degree',0.0174532925199433]],PROJECTION['Transverse_Mercator'],PARAMETER['False_Easting',500000.0],PARAMETER['False_Northing',10000000.0],PARAMETER['Central_Meridian',-75.0],PARAMETER['Scale_Factor',0.9996],PARAMETER['Latitude_Of_Origin',0.0],UNIT['Meter',1.0]] #</Process><Process ToolSource="c:\program files (x86)\arcgis\desktop10.5\ArcToolbox\Toolboxes\Analysis Tools.tbx\Union" Date="20180424" Time="144456">Union "Distritos #;'Parche de Mar' #" "M:\DATABASE PERU\PERU\LIMITES ADMINISTRATIVOS\borrar22.shp" ALL # GAPS</Process><Process ToolSource="c:\program files (x86)\arcgis\desktop10.5\ArcToolbox\Toolboxes\Data Management Tools.tbx\CalculateField" Date="20180606" Time="144840">CalculateField Distritos NOMBRE "" VB #</Process><Process ToolSource="c:\program files (x86)\arcgis\desktop10.5\ArcToolbox\Toolboxes\Data Management Tools.tbx\CalculateField" Date="20180622" Time="100404">CalculateField Distritos NOMBRE "VRAEM" VB #</Process><Process ToolSource="c:\program files\arcgis\pro\Resources\ArcToolbox\toolboxes\Conversion Tools.tbx\FeatureClassToFeatureClass" Date="20200831" Time="164317">FeatureClassToFeatureClass "M:\DATABASE PERU\PERU\LIMITES ADMINISTRATIVOS\Distritos.shp" "M:\DATABASE PERU\PERU\DATOSPERU.gdb\LIMITES_ADMINISTRATIVOS" Distritos # "FID_Distri "FID_Distri" true true false 10 Long 0 10,First,#,M:\DATABASE PERU\PERU\LIMITES ADMINISTRATIVOS\Distritos.shp,FID_Distri,-1,-1;OBJECTID "OBJECTID" true true false 10 Long 0 10,First,#,M:\DATABASE PERU\PERU\LIMITES ADMINISTRATIVOS\Distritos.shp,OBJECTID,-1,-1;COD_DPTO "COD_DPTO" true true false 2 Text 0 0,First,#,M:\DATABASE PERU\PERU\LIMITES ADMINISTRATIVOS\Distritos.shp,COD_DPTO,0,2;COD_PROV "COD_PROV" true true false 4 Text 0 0,First,#,M:\DATABASE PERU\PERU\LIMITES ADMINISTRATIVOS\Distritos.shp,COD_PROV,0,4;UBIGEO "UBIGEO" true true false 6 Text 0 0,First,#,M:\DATABASE PERU\PERU\LIMITES ADMINISTRATIVOS\Distritos.shp,UBIGEO,0,6;NOM_DIST "NOM_DIST" true true false 50 Text 0 0,First,#,M:\DATABASE PERU\PERU\LIMITES ADMINISTRATIVOS\Distritos.shp,NOM_DIST,0,50;NOM_PROV "NOM_PROV" true true false 40 Text 0 0,First,#,M:\DATABASE PERU\PERU\LIMITES ADMINISTRATIVOS\Distritos.shp,NOM_PROV,0,40;NOM_DPTO "NOM_DPTO" true true false 25 Text 0 0,First,#,M:\DATABASE PERU\PERU\LIMITES ADMINISTRATIVOS\Distritos.shp,NOM_DPTO,0,25;TOT_POBOP "TOT_POBOP" true true false 19 Double 0 0,First,#,M:\DATABASE PERU\PERU\LIMITES ADMINISTRATIVOS\Distritos.shp,TOT_POBOP,-1,-1;Shape_Leng "Shape_Leng" true true false 19 Double 0 0,First,#,M:\DATABASE PERU\PERU\LIMITES ADMINISTRATIVOS\Distritos.shp,Shape_Leng,-1,-1;Shape_Area "Shape_Area" true true false 19 Double 0 0,First,#,M:\DATABASE PERU\PERU\LIMITES ADMINISTRATIVOS\Distritos.shp,Shape_Area,-1,-1;NOMBRE "NOMBRE" true true false 254 Text 0 0,First,#,M:\DATABASE PERU\PERU\LIMITES ADMINISTRATIVOS\Distritos.shp,NOMBRE,0,254" #</Process><Process ToolSource="c:\program files\arcgis\pro\Resources\ArcToolbox\toolboxes\Conversion Tools.tbx\FeatureClassToFeatureClass" Date="20211118" Time="150407">FeatureClassToFeatureClass "M:\DATABASE PERU\shapes jul21\Distritos.shp" "M:\DATABASE PERU\PERU\DATOSPERU.gdb\LIMITES_ADMINISTRATIVOS" Distritos2021 # "OBJECTID_1 "OBJECTID_1" true true false 10 Long 0 10,First,#,M:\DATABASE PERU\shapes jul21\Distritos.shp,OBJECTID_1,-1,-1;FID_Distri "FID_Distri" true true false 10 Long 0 10,First,#,M:\DATABASE PERU\shapes jul21\Distritos.shp,FID_Distri,-1,-1;OBJECTID "OBJECTID" true true false 10 Long 0 10,First,#,M:\DATABASE PERU\shapes jul21\Distritos.shp,OBJECTID,-1,-1;COD_DPTO "COD_DPTO" true true false 2 Text 0 0,First,#,M:\DATABASE PERU\shapes jul21\Distritos.shp,COD_DPTO,0,2;COD_PROV "COD_PROV" true true false 4 Text 0 0,First,#,M:\DATABASE PERU\shapes jul21\Distritos.shp,COD_PROV,0,4;UBIGEO "UBIGEO" true true false 6 Text 0 0,First,#,M:\DATABASE PERU\shapes jul21\Distritos.shp,UBIGEO,0,6;NOM_DIST "NOM_DIST" true true false 50 Text 0 0,First,#,M:\DATABASE PERU\shapes jul21\Distritos.shp,NOM_DIST,0,50;NOM_PROV "NOM_PROV" true true false 40 Text 0 0,First,#,M:\DATABASE PERU\shapes jul21\Distritos.shp,NOM_PROV,0,40;NOM_DPTO "NOM_DPTO" true true false 25 Text 0 0,First,#,M:\DATABASE PERU\shapes jul21\Distritos.shp,NOM_DPTO,0,25;TOT_POBOP "TOT_POBOP" true true false 19 Double 0 0,First,#,M:\DATABASE PERU\shapes jul21\Distritos.shp,TOT_POBOP,-1,-1;Shape_Leng "Shape_Leng" true true false 19 Double 0 0,First,#,M:\DATABASE PERU\shapes jul21\Distritos.shp,Shape_Leng,-1,-1;NOMBRE "NOMBRE" true true false 254 Text 0 0,First,#,M:\DATABASE PERU\shapes jul21\Distritos.shp,NOMBRE,0,254;Shape_Le_1 "Shape_Le_1" true true false 19 Double 0 0,First,#,M:\DATABASE PERU\shapes jul21\Distritos.shp,Shape_Le_1,-1,-1;Shape_Area "Shape_Area" true true false 19 Double 0 0,First,#,M:\DATABASE PERU\shapes jul21\Distritos.shp,Shape_Area,-1,-1" #</Process></lineage><itemProps><itemLocation><linkage Sync="TRUE">file://\\srv0608ag\Cartoc4\DATABASE PERU\PERU\DATOSPERU.gdb</linkage><protocol Sync="TRUE">Local Area Network</protocol></itemLocation><itemName Sync="TRUE">Distritos2021</itemName><imsContentType Sync="TRUE">002</imsContentType><itemSize Sync="TRUE">18.703</itemSize><nativeExtBox><westBL Sync="TRUE">-203260.787285</westBL><eastBL Sync="TRUE">1190868.227000</eastBL><southBL Sync="TRUE">7964768.911300</southBL><northBL Sync="TRUE">9995713.991205</northBL><exTypeCode Sync="TRUE">1</exTypeCode></nativeExtBox></itemProps><coordRef><type Sync="TRUE">Geographic</type><geogcsn Sync="TRUE">GCS_WGS_1984</geogcsn><csUnits Sync="TRUE">Angular Unit: Degree (0.017453)</csUnits><peXml Sync="TRUE">&lt;GeographicCoordinateSystem xsi:type='typens:GeographicCoordinateSystem' xmlns:xsi='http://www.w3.org/2001/XMLSchema-instance' xmlns:xs='http://www.w3.org/2001/XMLSchema' xmlns:typens='http://www.esri.com/schemas/ArcGIS/2.9.0'&gt;&lt;WKT&gt;GEOGCS[&amp;quot;GCS_WGS_1984&amp;quot;,DATUM[&amp;quot;D_WGS_1984&amp;quot;,SPHEROID[&amp;quot;WGS_1984&amp;quot;,6378137.0,298.257223563]],PRIMEM[&amp;quot;Greenwich&amp;quot;,0.0],UNIT[&amp;quot;Degree&amp;quot;,0.0174532925199433],AUTHORITY[&amp;quot;EPSG&amp;quot;,4326]]&lt;/WKT&gt;&lt;XOrigin&gt;-399.99999999999989&lt;/XOrigin&gt;&lt;YOrigin&gt;-399.99999999999989&lt;/YOrigin&gt;&lt;XYScale&gt;1000000000.0000001&lt;/XYScale&gt;&lt;ZOrigin&gt;-100000&lt;/ZOrigin&gt;&lt;ZScale&gt;10000&lt;/ZScale&gt;&lt;MOrigin&gt;-100000&lt;/MOrigin&gt;&lt;MScale&gt;10000&lt;/MScale&gt;&lt;XYTolerance&gt;8.9831528411952133e-09&lt;/XYTolerance&gt;&lt;ZTolerance&gt;0.001&lt;/ZTolerance&gt;&lt;MTolerance&gt;0.001&lt;/MTolerance&gt;&lt;HighPrecision&gt;true&lt;/HighPrecision&gt;&lt;LeftLongitude&gt;-180&lt;/LeftLongitude&gt;&lt;WKID&gt;4326&lt;/WKID&gt;&lt;LatestWKID&gt;4326&lt;/LatestWKID&gt;&lt;/GeographicCoordinateSystem&gt;</peXml></coordRef></DataProperties><ArcGISFormat>1.0</ArcGISFormat></Esri><idinfo><native Sync="TRUE">Microsoft Windows XP Version 5.1 (Build 2600) Service Pack 2; ESRI ArcCatalog 9.1.0.722</native><descript><langdata Sync="TRUE">en</langdata><abstract>REQUIRED: A brief narrative summary of the data set.</abstract><purpose>REQUIRED: A summary of the intentions with which the data set was developed.</purpose></descript><citation><citeinfo><origin>REQUIRED: The name of an organization or individual that developed the data set.</origin><pubdate>REQUIRED: The date when the data set is published or otherwise made available for release.</pubdate><title Sync="TRUE">Distrito</title><ftname Sync="TRUE">Distrito</ftname><geoform Sync="TRUE">vector digital data</geoform><onlink Sync="TRUE"></onlink></citeinfo></citation><timeperd><current>REQUIRED: The basis on which the time period of content information is determined.</current><timeinfo><sngdate><caldate>REQUIRED: The year (and optionally month, or month and day) for which the data set corresponds to the ground.</caldate></sngdate></timeinfo></timeperd><status><progress>REQUIRED: The state of the data set.</progress><update>REQUIRED: The frequency with which changes and additions are made to the data set after the initial data set is completed.</update></status><spdom><bounding><westbc Sync="TRUE">-81.328230</westbc><eastbc Sync="TRUE">-68.653396</eastbc><northbc Sync="TRUE">-0.038607</northbc><southbc Sync="TRUE">-18.350928</southbc></bounding><lboundng><leftbc Sync="TRUE">-81.328230</leftbc><rightbc Sync="TRUE">-68.653396</rightbc><bottombc Sync="TRUE">-18.350928</bottombc><topbc Sync="TRUE">-0.038607</topbc></lboundng></spdom><keywords><theme><themekt>REQUIRED: Reference to a formally registered thesaurus or a similar authoritative source of theme keywords.</themekt><themekey>REQUIRED: Common-use word or phrase used to describe the subject of the data set.</themekey></theme></keywords><accconst>REQUIRED: Restrictions and legal prerequisites for accessing the data set.</accconst><useconst>REQUIRED: Restrictions and legal prerequisites for using the data set after access is granted.</useconst><natvform Sync="TRUE">Shapefile</natvform></idinfo><dataIdInfo><envirDesc Sync="TRUE">Microsoft Windows 10 Version 10.0 (Build 18362) ; Esri ArcGIS 12.9.0.32739</envirDesc><dataLang><languageCode Sync="TRUE" value="spa"></languageCode><countryCode value="PER" Sync="TRUE"></countryCode></dataLang><idCitation><resTitle Sync="TRUE">Distritos2021</resTitle><presForm><PresFormCd Sync="TRUE" value="005"></PresFormCd></presForm></idCitation><spatRpType><SpatRepTypCd Sync="TRUE" value="001"></SpatRepTypCd></spatRpType><dataExt><geoEle><GeoBndBox esriExtentType="native"><westBL Sync="TRUE">-81.32823</westBL><eastBL Sync="TRUE">-68.653396</eastBL><northBL Sync="TRUE">-0.038607</northBL><southBL Sync="TRUE">-18.350928</southBL><exTypeCode Sync="TRUE">1</exTypeCode></GeoBndBox></geoEle></dataExt><geoBox esriExtentType="decdegrees"><westBL Sync="TRUE">-81.32823</westBL><eastBL Sync="TRUE">-68.653396</eastBL><northBL Sync="TRUE">-0.038607</northBL><southBL Sync="TRUE">-18.350928</southBL><exTypeCode Sync="TRUE">1</exTypeCode></geoBox><dataExt><geoEle><GeoBndBox esriExtentType="search"><exTypeCode Sync="TRUE">1</exTypeCode><westBL Sync="TRUE">-81.642098</westBL><eastBL Sync="TRUE">-68.474383</eastBL><northBL Sync="TRUE">-0.038541</northBL><southBL Sync="TRUE">-18.407142</southBL></GeoBndBox></geoEle></dataExt></dataIdInfo><metainfo><langmeta Sync="TRUE">en</langmeta><metstdn Sync="TRUE">FGDC Content Standards for Digital Geospatial Metadata</metstdn><metstdv Sync="TRUE">FGDC-STD-001-1998</metstdv><mettc Sync="TRUE">local time</mettc><metc><cntinfo><cntorgp><cntper>REQUIRED: The person responsible for the metadata information.</cntper><cntorg>REQUIRED: The organization responsible for the metadata information.</cntorg></cntorgp><cntaddr><addrtype>REQUIRED: The mailing and/or physical address for the organization or individual.</addrtype><city>REQUIRED: The city of the address.</city><state>REQUIRED: The state or province of the address.</state><postal>REQUIRED: The ZIP or other postal code of the address.</postal></cntaddr><cntvoice>REQUIRED: The telephone number by which individuals can speak to the organization or individual.</cntvoice></cntinfo></metc><metd Sync="TRUE">20090608</metd></metainfo><mdLang><languageCode Sync="TRUE" value="spa"></languageCode><countryCode value="PER" Sync="TRUE"></countryCode></mdLang><mdStanName Sync="TRUE">ISO 19115 Geographic Information - Metadata</mdStanName><mdStanVer Sync="TRUE">DIS_ESRI1.0</mdStanVer><mdChar><CharSetCd Sync="TRUE" value="004"></CharSetCd></mdChar><mdHrLv><ScopeCd Sync="TRUE" value="005"></ScopeCd></mdHrLv><mdHrLvName Sync="TRUE">dataset</mdHrLvName><distinfo><resdesc Sync="TRUE">Downloadable Data</resdesc><stdorder><digform><digtinfo><transize Sync="TRUE">16.376</transize><dssize Sync="TRUE">16.376</dssize></digtinfo></digform></stdorder></distinfo><distInfo><distributor><distorTran><onLineSrc><orDesc Sync="TRUE">002</orDesc><linkage Sync="TRUE">file://</linkage><protocol Sync="TRUE">Local Area Network</protocol></onLineSrc><transSize Sync="TRUE">16.376</transSize></distorTran><distorFormat><formatName Sync="TRUE">Shapefile</formatName></distorFormat></distributor><distFormat><formatName Sync="TRUE">File Geodatabase Feature Class</formatName></distFormat><distTranOps><transSize Sync="TRUE">18.703</transSize></distTranOps></distInfo><spdoinfo><direct Sync="TRUE">Vector</direct><ptvctinf><esriterm Name="Distritos2021"><efeatyp Sync="TRUE">Simple</efeatyp><efeageom code="4" Sync="TRUE"></efeageom><esritopo Sync="TRUE">FALSE</esritopo><efeacnt Sync="TRUE">0</efeacnt><spindex Sync="TRUE">TRUE</spindex><linrefer Sync="TRUE">FALSE</linrefer></esriterm></ptvctinf></spdoinfo><spref><horizsys><cordsysn><geogcsn Sync="TRUE">GCS_WGS_1984</geogcsn></cordsysn><geodetic><horizdn Sync="TRUE">D_WGS_1984</horizdn><ellips Sync="TRUE">WGS_1984</ellips><semiaxis Sync="TRUE">6378137.000000</semiaxis><denflat Sync="TRUE">298.257224</denflat></geodetic></horizsys></spref><refSysInfo><RefSystem><refSysID><identCode Sync="TRUE" code="4326">GCS_WGS_1984</identCode><idCodeSpace Sync="TRUE">EPSG</idCodeSpace><idVersion Sync="TRUE">6.2(3.0.1)</idVersion></refSysID></RefSystem></refSysInfo><spatRepInfo><VectSpatRep><geometObjs Name="Distritos2021"><geoObjTyp><GeoObjTypCd value="002" Sync="TRUE"></GeoObjTypCd></geoObjTyp><geoObjCnt Sync="TRUE">0</geoObjCnt></geometObjs><topLvl><TopoLevCd value="001" Sync="TRUE"></TopoLevCd></topLvl></VectSpatRep></spatRepInfo><eainfo><detailed Name="Distritos2021"><enttyp><enttypl Sync="TRUE">Distritos2021</enttypl><enttypt Sync="TRUE">Feature Class</enttypt><enttypc Sync="TRUE">0</enttypc></enttyp><attr><attrlabl Sync="TRUE">OBJECTID_12</attrlabl><attalias Sync="TRUE">OBJECTID_12</attalias><attrtype Sync="TRUE">OID</attrtype><attwidth Sync="TRUE">4</attwidth><atprecis Sync="TRUE">0</atprecis><attscale Sync="TRUE">0</attscale><attrdef Sync="TRUE">Internal feature number.</attrdef><attrdefs Sync="TRUE">Esri</attrdefs><attrdomv><udom Sync="TRUE">Sequential unique whole numbers that are automatically generated.</udom></attrdomv></attr><attr><attrlabl Sync="TRUE">OBJECTID_1</attrlabl><attalias Sync="TRUE">OBJECTID_1</attalias><attrtype Sync="TRUE">Integer</attrtype><attwidth Sync="TRUE">4</attwidth><atprecis Sync="TRUE">0</atprecis><attscale Sync="TRUE">0</attscale><attrdef Sync="TRUE">Internal feature number.</attrdef><attrdefs Sync="TRUE">Esri</attrdefs><attrdomv><udom Sync="TRUE">Sequential unique whole numbers that are automatically generated.</udom></attrdomv></attr><attr><attrlabl Sync="TRUE">Shape</attrlabl><attalias Sync="TRUE">Shape</attalias><attrtype Sync="TRUE">Geometry</attrtype><attwidth Sync="TRUE">0</attwidth><atprecis Sync="TRUE">0</atprecis><attscale Sync="TRUE">0</attscale><attrdef Sync="TRUE">Feature geometry.</attrdef><attrdefs Sync="TRUE">ESRI</attrdefs><attrdomv><udom Sync="TRUE">Coordinates defining the features.</udom></attrdomv></attr><attr><attrlabl Sync="TRUE">FID_Distri</attrlabl><attalias Sync="TRUE">FID_Distri</attalias><attrtype Sync="TRUE">Integer</attrtype><attwidth Sync="TRUE">4</attwidth><atprecis Sync="TRUE">0</atprecis><attscale Sync="TRUE">0</attscale></attr><attr><attrlabl Sync="TRUE">OBJECTID</attrlabl><attalias Sync="TRUE">OBJECTID</attalias><attrtype Sync="TRUE">Integer</attrtype><attwidth Sync="TRUE">4</attwidth><atprecis Sync="TRUE">0</atprecis><attscale Sync="TRUE">0</attscale></attr><attr><attrlabl Sync="TRUE">COD_DPTO</attrlabl><attalias Sync="TRUE">COD_DPTO</attalias><attrtype Sync="TRUE">String</attrtype><attwidth Sync="TRUE">2</attwidth><atprecis Sync="TRUE">0</atprecis><attscale Sync="TRUE">0</attscale></attr><attr><attrlabl Sync="TRUE">COD_PROV</attrlabl><attalias Sync="TRUE">COD_PROV</attalias><attrtype Sync="TRUE">String</attrtype><attwidth Sync="TRUE">4</attwidth><atprecis Sync="TRUE">0</atprecis><attscale Sync="TRUE">0</attscale></attr><attr><attrlabl Sync="TRUE">UBIGEO</attrlabl><attalias Sync="TRUE">UBIGEO</attalias><attrtype Sync="TRUE">String</attrtype><attwidth Sync="TRUE">6</attwidth><atprecis Sync="TRUE">0</atprecis><attscale Sync="TRUE">0</attscale></attr><attr><attrlabl Sync="TRUE">NOM_DIST</attrlabl><attalias Sync="TRUE">NOM_DIST</attalias><attrtype Sync="TRUE">String</attrtype><attwidth Sync="TRUE">50</attwidth><atprecis Sync="TRUE">0</atprecis><attscale Sync="TRUE">0</attscale></attr><attr><attrlabl Sync="TRUE">NOM_PROV</attrlabl><attalias Sync="TRUE">NOM_PROV</attalias><attrtype Sync="TRUE">String</attrtype><attwidth Sync="TRUE">40</attwidth><atprecis Sync="TRUE">0</atprecis><attscale Sync="TRUE">0</attscale></attr><attr><attrlabl Sync="TRUE">NOM_DPTO</attrlabl><attalias Sync="TRUE">NOM_DPTO</attalias><attrtype Sync="TRUE">String</attrtype><attwidth Sync="TRUE">25</attwidth><atprecis Sync="TRUE">0</atprecis><attscale Sync="TRUE">0</attscale></attr><attr><attrlabl Sync="TRUE">TOT_POBOP</attrlabl><attalias Sync="TRUE">TOT_POBOP</attalias><attrtype Sync="TRUE">Double</attrtype><attwidth Sync="TRUE">8</attwidth><atprecis Sync="TRUE">0</atprecis><attscale Sync="TRUE">0</attscale></attr><attr><attrlabl Sync="TRUE">Shape_Leng</attrlabl><attalias Sync="TRUE">Shape_Leng</attalias><attrtype Sync="TRUE">Double</attrtype><attwidth Sync="TRUE">8</attwidth><atprecis Sync="TRUE">0</atprecis><attscale Sync="TRUE">0</attscale></attr><attr><attrlabl Sync="TRUE">Shape_Area</attrlabl><attalias Sync="TRUE">Shape_Area</attalias><attrtype Sync="TRUE">Double</attrtype><attwidth Sync="TRUE">8</attwidth><atprecis Sync="TRUE">0</atprecis><attscale Sync="TRUE">0</attscale><attrdef Sync="TRUE">Area of feature in internal units squared.</attrdef><attrdefs Sync="TRUE">Esri</attrdefs><attrdomv><udom Sync="TRUE">Positive real numbers that are automatically generated.</udom></attrdomv></attr><attr><attrlabl Sync="TRUE">Shape_Le_1</attrlabl><attalias Sync="TRUE">Shape_Le_1</attalias><attrtype Sync="TRUE">Double</attrtype><attwidth Sync="TRUE">8</attwidth><atprecis Sync="TRUE">0</atprecis><attscale Sync="TRUE">0</attscale></attr><attr><attrlabl Sync="TRUE">Shape_Length</attrlabl><attalias Sync="TRUE">Shape_Length</attalias><attrtype Sync="TRUE">Double</attrtype><attwidth Sync="TRUE">8</attwidth><atprecis Sync="TRUE">0</atprecis><attscale Sync="TRUE">0</attscale><attrdef Sync="TRUE">Length of feature in internal units.</attrdef><attrdefs Sync="TRUE">Esri</attrdefs><attrdomv><udom Sync="TRUE">Positive real numbers that are automatically generated.</udom></attrdomv></attr><attr><attrlabl Sync="TRUE">NOMBRE</attrlabl><attalias Sync="TRUE">NOMBRE</attalias><attrtype Sync="TRUE">String</attrtype><attwidth Sync="TRUE">254</attwidth><atprecis Sync="TRUE">0</atprecis><attscale Sync="TRUE">0</attscale></attr></detailed></eainfo><mdDateSt Sync="TRUE">20211118</mdDateSt><dataqual><lineage><procstep><procdesc Sync="TRUE">Dataset copied.</procdesc><srcused Sync="TRUE"></srcused><date Sync="TRUE">20100913</date><time Sync="TRUE">10385200</time></procstep></lineage></dataqual></metadata>
